,Player,Nation,Pos,Age,new_pound_value
0,Cristiano Ronaldo,pt POR,FW,37.0,515000
1,David de Gea,es ESP,GK,31.0,375000
2,Jadon Sancho,eng ENG,"FW,MF",22.0,350000
3,Raphaël Varane,fr FRA,DF,29.0,340000
4,Casemiro,br BRA,MF,30.0,300000
5,Anthony Martial,fr FRA,FW,26.0,250000
6,Bruno Fernandes,pt POR,"MF,FW",27.0,240000
7,Antony,br BRA,FW,22.0,200000
8,Marcus Rashford,eng ENG,FW,24.0,200000
9,Harry Maguire,eng ENG,DF,29.0,190000
10,Luke Shaw,eng ENG,DF,27.0,150000
11,Christian Eriksen,dk DEN,MF,30.0,150000
12,Fred,br BRA,MF,29.0,120000
13,Victor Lindelöf,se SWE,DF,28.0,120000
14,Lisandro Martínez,ar ARG,DF,24.0,120000
15,Donny van de Beek,nl NED,MF,25.0,120000
16,Aaron Wan-Bissaka,eng ENG,DF,24.0,90000
17,Phil Jones,eng ENG,CB,30.0,75000
18,Tyrell Malacia,nl NED,DF,22.0,75000
19,Brandon Williams,eng ENG,LB,21.0,65000
20,Scott McTominay,sct SCO,MF,25.0,60000
21,Axel Tuanzebe,eng ENG,CB,24.0,50000
22,Tom Heaton,eng ENG,GK,36.0,45000
23,Martin Dúbravka,sk SVK,GK,33.0,40000
24,Diogo Dalot,pt POR,DF,23.0,25000
25,Facundo Pellistri,uy URU,"FW,MF",20.0,20000
26,Anthony Elanga,se SWE,FW,20.0,5000
27,Shola Shoretire,eng ENG,RW,18.0,5000
28,Teden Mengi,eng ENG,CB,20.0,5000
29,Alejandro Garnacho,,LW,18.0,5000
0,Rodrigo,es ESP,"FW,MF",31.0,100000
1,Patrick Bamford,eng ENG,FW,28.0,70000
2,Luis Sinisterra,co COL,FW,23.0,65000
3,Junior Firpo,es ESP,DF,25.0,60000
4,Tyler Adams,us USA,MF,23.0,55000
5,Jack Harrison,eng ENG,"FW,MF",25.0,50000
6,Pascal Struijk,nl NED,DF,22.0,50000
7,Marc Roca,es ESP,MF,25.0,50000
8,Brenden Aaronson,us USA,"MF,FW",21.0,45000
9,Stuart Dallas,nir NIR,RB,31.0,45000
10,Diego Llorente,es ESP,DF,28.0,45000
11,Robin Koch,de GER,DF,26.0,40000
12,Rasmus Nissen,dk DEN,DF,25.0,40000
13,Sam Greenwood,eng ENG,"MF,FW",20.0,30000
14,Illan Meslier,fr FRA,GK,22.0,30000
15,Liam Cooper,sct SCO,DF,30.0,25000
16,Mateusz Klich,pl POL,"MF,FW",32.0,25000
17,Adam Forshaw,eng ENG,MF,30.0,20000
18,Luke Ayling,eng ENG,DF,30.0,20000
19,Joel Robles,es ESP,GK,32.0,20000
20,Degnand Gnonto,it ITA,"FW,MF",18.0,20000
21,Joe Gelhardt,eng ENG,FW,20.0,15000
22,Crysencio Summerville,nl NED,FW,20.0,15000
23,Kristoffer Klaesson,no NOR,GK,21.0,10000
24,Cody Drameh,eng ENG,DF,20.0,2500
25,Leo Fuhr Hjelde,no NOR,LB,18.0,2000
0,Jamie Vardy,eng ENG,FW,35.0,140000
1,James Maddison,eng ENG,"MF,FW",25.0,110000
2,Jonny Evans,nir NIR,DF,34.0,100000
3,Boubakary Soumaré,fr FRA,MF,23.0,80000
4,Ryan Bertrand,eng ENG,LB,33.0,80000
5,Ricardo Pereira,pt POR,"DF,MF",28.0,80000
6,Kelechi Iheanacho,ng NGA,"FW,MF",25.0,80000
7,Wilfred Ndidi,ng NGA,"MF,DF",25.0,75000
8,Dennis Praet,be BEL,"MF,FW",28.0,75000
9,Patson Daka,zm ZAM,FW,23.0,75000
10,Jannik Vestergaard,dk DEN,CB,29.0,70000
11,Timothy Castagne,be BEL,DF,26.0,65000
12,Nampalys Mendy,sn SEN,MF,30.0,55000
13,Wout Faes,be BEL,DF,24.0,50000
14,Ayoze Pérez,es ESP,"MF,FW",29.0,45000
15,Marc Albrighton,eng ENG,"FW,MF",32.0,45000
16,Çağlar Söyüncü,tr TUR,DF,26.0,45000
17,Danny Ward,wls WAL,GK,29.0,40000
18,Harvey Barnes,eng ENG,"FW,MF",24.0,40000
19,Youri Tielemans,be BEL,MF,25.0,35000
20,James Justin,eng ENG,DF,24.0,30000
21,Alex Smithies,eng ENG,GK,32.0,30000
22,Daniel Amartey,gh GHA,DF,27.0,20000
23,Kiernan Dewsbury-Hall,eng ENG,MF,23.0,20000
24,Daniel Iversen,dk DEN,GK,25.0,20000
25,Luke Thomas,eng ENG,DF,21.0,10000
0,Bernd Leno,de GER,GK,30.0,90000
1,Aleksandar Mitrović,rs SRB,FW,27.0,80000
2,Issa Diop,fr FRA,DF,25.0,70000
3,Daniel James,wls WAL,FW,24.0,50000
4,Kenny Tete,nl NED,DF,26.0,50000
5,Andreas Pereira,br BRA,MF,26.0,50000
6,João Palhinha,pt POR,MF,27.0,50000
7,Willian,br BRA,FW,33.0,40000
8,Tosin Adarabioyo,eng ENG,DF,24.0,40000
9,Shane Duffy,ie IRL,"FW,DF",30.0,40000
10,Kevin Mbabu,ch SUI,"DF,FW",27.0,40000
11,Carlos Vinícius,br BRA,FW,27.0,40000
12,Nathaniel Chalobah,eng ENG,MF,27.0,35000
13,Bobby Reid,jm JAM,"FW,DF",29.0,35000
14,Harry Wilson,wls WAL,FW,25.0,35000
15,Josh Onomah,eng ENG,MF,25.0,30000
16,Neeskens Kebano,cd COD,FW,30.0,30000
17,Tom Cairney,sct SCO,MF,31.0,30000
18,Harrison Reed,eng ENG,MF,27.0,30000
19,Tim Ream,us USA,DF,34.0,30000
20,Antonee Robinson,us USA,DF,24.0,25000
21,Manor Solomon,il ISR,FW,23.0,20000
22,Marek Rodák,sk SVK,GK,25.0,15000
0,Lucas Paquetá,br BRA,MF,24.0,150000
1,Kurt Zouma,fr FRA,DF,27.0,125000
2,Alphonse Areola,fr FRA,GK,29.0,120000
3,Emerson Palmieri,it ITA,DF,27.0,95000
4,Gianluca Scamacca,it ITA,FW,23.0,90000
5,Michail Antonio,jm JAM,FW,32.0,85000
6,Thilo Kehrer,de GER,DF,25.0,80000
7,Manuel Lanzini,ar ARG,"MF,FW",29.0,70000
8,Angelo Ogbonna,it ITA,DF,34.0,70000
9,Tomáš Souček,cz CZE,MF,27.0,65000
10,Pablo Fornals,es ESP,"FW,MF",26.0,65000
11,Łukasz Fabiański,pl POL,GK,37.0,65000
12,Maxwel Cornet,ci CIV,FW,25.0,65000
13,Jarrod Bowen,eng ENG,"FW,MF",25.0,60000
14,Declan Rice,eng ENG,MF,23.0,60000
15,Saïd Benrahma,dz ALG,"FW,MF",26.0,55000
16,Aaron Cresswell,eng ENG,DF,32.0,50000
17,Nayef Aguerd,ma MAR,DF,26.0,50000
18,Craig Dawson,eng ENG,DF,32.0,45000
19,Vladimír Coufal,cz CZE,DF,29.0,35000
20,Darren Randolph,ie IRL,GK,35.0,35000
21,Flynn Downes,eng ENG,MF,23.0,25000
22,Ben Johnson,eng ENG,DF,22.0,20000
23,Conor Coventry,ie IRL,"MF,FW",22.0,5000
0,Jesse Lingard,eng ENG,"FW,MF",29.0,200000
1,Dean Henderson,eng ENG,GK,25.0,100000
2,Morgan Gibbs-White,eng ENG,"MF,FW",22.0,80000
3,Renan Lodi,br BRA,DF,24.0,60000
4,Taiwo Awoniyi,ng NGA,FW,24.0,50000
5,Neco Williams,wls WAL,DF,21.0,50000
6,Cheikhou Kouyaté,sn SEN,MF,32.0,45000
7,Moussa Niakhate,sn SEN,DF,26.0,45000
8,Willy Boly,ci CIV,DF,31.0,40000
9,Emmanuel Dennis,ng NGA,"FW,MF",24.0,40000
10,Remo Freuler,ch SUI,MF,30.0,40000
11,Serge Aurier,ci CIV,DF,29.0,35000
12,Omar Richards,eng ENG,LB,24.0,30000
13,Brennan Johnson,wls WAL,"FW,MF",21.0,30000
14,Orel Mangala,be BEL,MF,24.0,30000
15,Steve Cook,eng ENG,DF,31.0,30000
16,Ryan Yates,eng ENG,MF,24.0,25000
17,Loïc Bade,fr FRA,CB,22.0,25000
18,Scott McKenna,sct SCO,DF,25.0,20000
19,Lyle Taylor,ms MSR,CF,32.0,20000
20,Harry Arter,ie IRL,CM,32.0,20000
21,Giulian Biancone,fr FRA,DF,22.0,20000
22,Joe Worrall,eng ENG,DF,25.0,15000
23,Jack Colback,eng ENG,MF,32.0,15000
24,Lewis O'Brien,eng ENG,MF,23.0,15000
25,Sam Surridge,eng ENG,FW,24.0,15000
26,Harry Toffolo,eng ENG,DF,26.0,15000
27,Wayne Hennessey,wls WAL,GK,35.0,15000
28,Cafú,pt POR,MF,29.0,10000
29,Loïc Mbe Soh,fr FRA,CB,21.0,10000
30,Jordan Smith,eng ENG,GK,27.0,2500
0,Gabriel Jesus,br BRA,FW,25.0,265000
1,Thomas Partey,gh GHA,MF,29.0,200000
2,Oleksandr Zinchenko,ua UKR,DF,25.0,150000
3,Ben White,eng ENG,DF,24.0,120000
4,Granit Xhaka,ch SUI,MF,29.0,120000
5,Martin Ødegaard,no NOR,MF,23.0,115000
6,Kieran Tierney,sct SCO,DF,25.0,110000
7,Eddie Nketiah,eng ENG,FW,23.0,100000
8,Martinelli,br BRA,FW,21.0,90000
9,Cédric Soares,pt POR,DF,30.0,75000
10,Bukayo Saka,eng ENG,FW,20.0,70000
11,Aaron Ramsdale,eng ENG,GK,24.0,60000
12,Takehiro Tomiyasu,jp JPN,DF,23.0,55000
13,Mohamed Elneny,eg EGY,MF,30.0,55000
14,Albert Sambi Lokonga,be BEL,MF,22.0,50000
15,Gabriel Dos Santos,br BRA,DF,24.0,50000
16,Fabio Vieira,pt POR,MF,22.0,45000
17,Rob Holding,eng ENG,DF,26.0,40000
18,Emile Smith Rowe,eng ENG,"FW,MF",22.0,40000
19,William Saliba,fr FRA,DF,21.0,40000
20,Matt Turner,us USA,GK,28.0,35000
21,Marquinhos,br BRA,MF,19.0,30000
22,Reiss Nelson,eng ENG,FW,22.0,15000
0,Jefferson Lerma,co COL,MF,27.0,55000
1,David Brooks,wls WAL,"DF,FW",25.0,50000
2,Dominic Solanke,eng ENG,"FW,MF",24.0,50000
3,Neto,br BRA,GK,33.0,50000
4,Marcos Senesi,ar ARG,DF,25.0,50000
5,Jack Stephens,eng ENG,DF,28.0,45000
6,Philip Billing,dk DEN,"MF,FW",26.0,40000
7,Lewis Cook,eng ENG,MF,25.0,40000
8,Adam Smith,eng ENG,DF,31.0,35000
9,Junior Stanislas,eng ENG,MF,32.0,35000
10,Chris Mepham,wls WAL,DF,24.0,35000
11,Ryan Fredericks,eng ENG,DF,29.0,35000
12,Jack Stacey,eng ENG,DF,26.0,30000
13,Lloyd Kelly,eng ENG,DF,23.0,30000
14,Ryan Christie,sct SCO,"MF,FW",27.0,30000
15,Marcus Tavernier,eng ENG,"MF,FW",23.0,20000
16,Mark Travers,ie IRL,GK,23.0,20000
17,Kieffer Moore,wls WAL,FW,29.0,15000
18,Emiliano Marcondes,dk DEN,MF,27.0,15000
19,Jamal Lowe,jm JAM,"MF,FW",28.0,12000
20,Jaidon Anthony,eng ENG,"MF,FW",22.0,10000
21,Ben Pearson,eng ENG,MF,27.0,8000
22,Siriki Dembélé,ci CIV,"FW,MF",25.0,8000
23,Jordan Zemura,zw ZIM,DF,22.0,8000
24,Joe Rothwell,eng ENG,MF,27.0,8000
25,James Hill,eng ENG,CB,20.0,3000
26,Will Dennis,eng ENG,GK,22.0,2000
0,Bruno Guimarães,br BRA,MF,24.0,120000
1,Alexander Isak,se SWE,FW,22.0,120000
2,Matt Targett,eng ENG,DF,26.0,100000
3,Kieran Trippier,eng ENG,DF,31.0,100000
4,Sven Botman,nl NED,DF,22.0,90000
5,Joelinton,br BRA,"MF,FW",25.0,85000
6,Chris Wood,nz NZL,FW,30.0,80000
7,Joe Willock,eng ENG,MF,22.0,80000
8,Allan Saint-Maximin,fr FRA,FW,25.0,70000
9,Jonjo Shelvey,eng ENG,MF,30.0,70000
10,Nick Pope,eng ENG,GK,30.0,60000
11,Emil Krafth,se SWE,DF,27.0,55000
12,Sean Longstaff,eng ENG,MF,24.0,50000
13,Callum Wilson,eng ENG,FW,30.0,46000
14,Matt Ritchie,sct SCO,"FW,MF",32.0,45000
15,Ryan Fraser,sct SCO,FW,28.0,42000
16,Miguel Almirón,py PAR,FW,28.0,42000
17,Fabian Schär,ch SUI,DF,30.0,40000
18,Jamaal Lascelles,eng ENG,DF,28.0,40000
19,Jamal Lewis,nir NIR,DF,24.0,38000
20,Javier Manquillo,es ESP,DF,28.0,35000
21,Paul Dummett,wls WAL,LB,30.0,35000
22,Jacob Murphy,eng ENG,FW,27.0,35000
23,Dan Burn,eng ENG,DF,30.0,35000
24,Elliot Anderson,sct SCO,"FW,MF",19.0,30000
25,Karl Darlow,eng ENG,GK,31.0,30000
26,Loris Karius,de GER,GK,29.0,20000
27,Mark Gillespie,eng ENG,GK,30.0,10000
0,Ben Mee,eng ENG,DF,32.0,55000
1,Bryan Mbeumo,cm CMR,FW,22.0,45000
2,Christian Nørgaard,dk DEN,MF,28.0,35000
3,Rico Henry,eng ENG,DF,25.0,35000
4,Keane Lewis-Potter,eng ENG,"FW,MF",21.0,35000
5,Kristoffer Ajer,no NOR,DF,24.0,35000
6,Aaron Hickey,sct SCO,DF,20.0,30000
7,Mikkel Damsgaard,dk DEN,"MF,FW",22.0,30000
8,Vitaly Janelt,de GER,"MF,DF",24.0,30000
9,David Raya,es ESP,GK,26.0,25000
10,Pontus Jansson,se SWE,DF,31.0,25000
11,Sergi Canós,es ESP,"FW,DF",25.0,25000
12,Thomas Strakosha,al ALB,GK,27.0,25000
13,Frank Onyeka,ng NGA,MF,24.0,25000
14,Mathias Jensen,dk DEN,MF,26.0,20000
15,Josh Dasilva,eng ENG,MF,23.0,20000
16,Ivan Toney,eng ENG,FW,26.0,20000
17,Yoane Wissa,cd COD,FW,25.0,20000
18,Mathias Jørgensen,dk DEN,DF,32.0,20000
19,Saman Ghoddos,ir IRN,"MF,DF",28.0,15000
20,Ethan Pinnock,jm JAM,DF,29.0,15000
21,Shandon Baptiste,gd GRN,MF,24.0,15000
22,Mads Roerslev,dk DEN,DF,23.0,10000
23,Charlie Goode,eng ENG,CB,26.0,8000
0,James Ward-Prowse,eng ENG,MF,27.0,100000
1,Theo Walcott,eng ENG,"FW,MF",33.0,75000
2,Joe Aribo,ng NGA,"MF,FW",26.0,70000
3,Stuart Armstrong,sct SCO,"MF,FW",30.0,65000
4,Moussa Djenepo,ml MLI,"DF,FW",24.0,65000
5,Mohamed Elyounoussi,no NOR,"MF,FW",27.0,60000
6,Ibrahima Diallo,fr FRA,MF,23.0,55000
7,Adam Armstrong,eng ENG,FW,25.0,55000
8,Alex McCarthy,eng ENG,GK,32.0,50000
9,Duje Ćaleta-Car,hr CRO,DF,25.0,40000
10,Ainsley Maitland-Niles,eng ENG,"DF,MF",24.0,35000
11,Lyanco,br BRA,DF,25.0,35000
12,Che Adams,sct SCO,FW,26.0,30000
13,Romain Perraud,fr FRA,DF,24.0,30000
14,Mohammed Salisu,gh GHA,DF,23.0,25000
15,Roméo Lavia,,DM,18.0,25000
16,Sekou Mara,fr FRA,"FW,MF",20.0,25000
17,Kyle Walker-Peters,eng ENG,DF,25.0,20000
18,Gavin Bazunu,ie IRL,GK,20.0,20000
19,Willy Caballero,ar ARG,GK,40.0,20000
20,Juan Larios,,LB,18.0,15000
21,Samuel Edozie,,LW,19.0,15000
22,Armel Bella Kotchap,de GER,DF,20.0,15000
23,Valentino Livramento,eng ENG,RB,19.0,8000
0,Adam Lallana,eng ENG,"MF,FW",34.0,90000
1,Lewis Dunk,eng ENG,DF,30.0,75000
2,Pascal Groß,de GER,"MF,DF",31.0,60000
3,Danny Welbeck,eng ENG,FW,31.0,55000
4,Adam Webster,eng ENG,DF,27.0,55000
5,Alexis Mac Allister,ar ARG,MF,23.0,50000
6,Pervis Estupiñán,ec ECU,DF,24.0,50000
7,Joël Veltman,nl NED,DF,30.0,40000
8,Leandro Trossard,be BEL,"FW,MF",27.0,40000
9,Solly March,eng ENG,"FW,DF",28.0,40000
10,Tariq Lamptey,gh GHA,DF,21.0,35000
11,Robert Sánchez,es ESP,GK,24.0,25000
12,Jason Steele,eng ENG,GK,31.0,20000
13,Deniz Undav,de GER,"FW,MF",26.0,20000
14,Billy Gilmour,sct SCO,MF,21.0,20000
15,Moisés Caicedo,ec ECU,MF,20.0,15000
16,Jakub Moder,pl POL,CM,23.0,10000
17,Jeremy Sarmiento,ec ECU,MF,20.0,10000
18,Julio César Enciso,py PAR,"MF,FW",18.0,10000
19,Kaoru Mitoma,jp JPN,FW,25.0,10000
20,Jan Paul van Hecke,nl NED,DF,22.0,5000
21,Levi Colwill,eng ENG,DF,19.0,5000
22,Evan Ferguson,ie IRL,FW,17.0,3000
0,Raúl Jiménez,mx MEX,FW,31.0,100000
1,João Moutinho,pt POR,MF,35.0,100000
2,Gonçalo Guedes,pt POR,"FW,MF",25.0,90000
3,Matheus Nunes,pt POR,MF,23.0,85000
4,Nélson Semedo,pt POR,DF,28.0,80000
5,Daniel Podence,pt POR,"FW,MF",26.0,60000
6,Adama Traoré,es ESP,"FW,MF",26.0,55000
7,Pedro Neto,pt POR,"FW,MF",22.0,50000
8,Rúben Neves,pt POR,MF,25.0,50000
9,Diego Costa,es ESP,FW,33.0,50000
10,Jonny Castro,es ESP,DF,28.0,35000
11,Sasa Kalajdzic,at AUT,FW,25.0,35000
12,Hwang Hee-chan,kr KOR,"FW,MF",26.0,30000
13,José Sá,pt POR,GK,29.0,25000
14,Léo Bonatini,br BRA,CF,28.0,20000
15,Nathan Collins,ie IRL,DF,21.0,20000
16,Max Kilman,eng ENG,DF,25.0,15000
17,Matija Šarkić,me MNE,GK,25.0,10000
18,Chiquinho,pt POR,LW,22.0,10000
19,Rayan Aït Nouri,dz ALG,DF,21.0,10000
20,Yerson Mosquera,co COL,CB,21.0,8000
21,Toti Gomes,pt POR,DF,23.0,5000
22,Boubacar Traoré,ml MLI,MF,20.0,5000
23,Connor Ronan,ie IRL,MF,24.0,3000
24,Chem Campbell,,AM,19.0,2500
0,Kevin De Bruyne,be BEL,MF,31.0,400000
1,Erling Haaland,no NOR,FW,22.0,375000
2,Jack Grealish,eng ENG,FW,26.0,300000
3,John Stones,eng ENG,"MF,DF",28.0,250000
4,João Cancelo,pt POR,DF,28.0,250000
5,Phil Foden,eng ENG,"FW,MF",22.0,225000
6,Rodri,es ESP,MF,26.0,220000
7,Rúben Dias,pt POR,DF,25.0,180000
8,Manuel Akanji,ch SUI,DF,27.0,180000
9,Kyle Walker,eng ENG,FW,32.0,160000
10,Riyad Mahrez,dz ALG,"FW,MF",31.0,160000
11,Bernardo Silva,pt POR,"MF,FW",27.0,150000
12,Kalvin Phillips,eng ENG,MF,26.0,150000
13,İlkay Gündoğan,de GER,MF,31.0,140000
14,Aymeric Laporte,es ESP,DF,28.0,120000
15,Ederson,br BRA,GK,28.0,100000
16,Benjamin Mendy,fr FRA,LB,28.0,90000
17,Nathan Aké,nl NED,DF,27.0,90000
18,Stefan Ortega,de GER,GK,29.0,55000
19,Julián Álvarez,ar ARG,FW,22.0,50000
20,Sergio Gómez,es ESP,"DF,MF",21.0,50000
21,Scott Carson,eng ENG,GK,36.0,30000
22,Cole Palmer,eng ENG,"MF,FW",20.0,20000
0,Raheem Sterling,eng ENG,"FW,MF",27.0,325000
1,Kalidou Koulibaly,sn SEN,DF,31.0,295000
2,N'Golo Kanté,fr FRA,MF,31.0,290000
3,Reece James,eng ENG,"DF,MF",22.0,250000
4,Wesley Fofana,fr FRA,DF,21.0,200000
5,Ben Chilwell,eng ENG,"DF,MF",25.0,190000
6,César Azpilicueta,es ESP,DF,32.0,180000
7,Marc Cucurella,es ESP,DF,24.0,175000
8,Pierre-Emerick Aubameyang,ga GAB,FW,33.0,160000
9,Kai Havertz,de GER,"FW,MF",23.0,150000
10,Kepa Arrizabalaga,es ESP,GK,27.0,150000
11,Christian Pulisic,us USA,"DF,FW",23.0,150000
12,Ruben Loftus-Cheek,eng ENG,MF,26.0,120000
13,Jorginho,it ITA,MF,30.0,110000
14,Thiago Silva,br BRA,DF,37.0,110000
15,Hakim Ziyech,ma MAR,"FW,MF",29.0,100000
16,Mateo Kovačić,hr CRO,MF,28.0,100000
17,Carney Chukwuemeka,eng ENG,CM,18.0,100000
18,Denis Zakaria,ch SUI,MF,25.0,90000
19,Mason Mount,eng ENG,MF,23.0,80000
20,Edouard Mendy,sn SEN,GK,30.0,55000
21,Conor Gallagher,eng ENG,MF,22.0,50000
22,Trevoh Chalobah,eng ENG,DF,23.0,50000
23,Armando Broja,al ALB,FW,20.0,40000
24,Marcus Bettinelli,eng ENG,GK,30.0,35000
0,Wilfried Zaha,ci CIV,"FW,MF",29.0,130000
1,Odsonne Édouard,fr FRA,FW,24.0,90000
2,Nathaniel Clyne,eng ENG,DF,31.0,80000
3,Joachim Andersen,dk DEN,DF,26.0,80000
4,Vicente Guaita,es ESP,GK,35.0,75000
5,Luka Milivojević,rs SRB,MF,31.0,75000
6,Cheick Doucouré,ml MLI,MF,22.0,60000
7,Jaïro Riedewald,nl NED,"DF,FW",25.0,55000
8,James McArthur,sct SCO,MF,34.0,55000
9,Chris Richards,us USA,DF,22.0,55000
10,Jeffrey Schlupp,gh GHA,"MF,FW",29.0,50000
11,Jean-Philippe Mateta,fr FRA,FW,25.0,50000
12,James Tomkins,eng ENG,DF,33.0,50000
13,Marc Guéhi,eng ENG,DF,22.0,50000
14,Michael Olise,fr FRA,"FW,MF",20.0,45000
15,Sam Johnstone,eng ENG,GK,29.0,40000
16,Tyrick Mitchell,eng ENG,DF,22.0,40000
17,Joel Ward,eng ENG,DF,32.0,35000
18,Jordan Ayew,gh GHA,"FW,MF",30.0,35000
19,Jack Butland,eng ENG,GK,29.0,35000
20,Will Hughes,eng ENG,MF,27.0,35000
21,Eberechi Eze,eng ENG,"MF,FW",24.0,30000
22,Nathan Ferguson,eng ENG,CB,21.0,25000
23,Malcolm Ebiowei,eng ENG,"MF,FW",18.0,10000
0,Alex Iwobi,ng NGA,"MF,FW",26.0,120000
1,Yerry Mina,co COL,DF,27.0,120000
2,Abdoulaye Doucouré,ml MLI,MF,29.0,120000
3,Amadou Onana,be BEL,MF,20.0,100000
4,Dominic Calvert-Lewin,eng ENG,FW,25.0,100000
5,James Tarkowski,eng ENG,DF,29.0,100000
6,Jordan Pickford,eng ENG,GK,28.0,100000
7,Salomón Rondón,ve VEN,FW,32.0,80000
8,Idrissa Gana Gueye,sn SEN,MF,32.0,80000
9,Michael Keane,eng ENG,DF,29.0,80000
10,Ben Godfrey,eng ENG,DF,24.0,75000
11,Mason Holgate,eng ENG,DF,25.0,70000
12,Vitaliy Mykolenko,ua UKR,"DF,MF",23.0,58000
13,Conor Coady,eng ENG,DF,29.0,55000
14,Séamus Coleman,ie IRL,DF,33.0,55000
15,Neal Maupay,fr FRA,FW,25.0,50000
16,Asmir Begović,ba BIH,GK,35.0,45000
17,Andros Townsend,eng ENG,RW,31.0,40000
18,James Garner,eng ENG,MF,21.0,30000
19,Nathan Patterson,sct SCO,"DF,MF",20.0,28000
20,Rúben Vinagre,pt POR,"DF,MF",23.0,25000
21,Tom Davies,eng ENG,MF,24.0,25000
22,Dwight McNeil,eng ENG,"FW,MF",22.0,25000
23,Demarai Gray,eng ENG,"FW,MF",26.0,25000
24,Anthony Gordon,eng ENG,FW,21.0,10000
25,Andy Lonergan,ie IRL,GK,38.0,10000
26,Eldin Jakupović,ch SUI,GK,37.0,5000
0,Mohamed Salah,eg EGY,FW,30.0,350000
1,Virgil van Dijk,nl NED,DF,31.0,220000
2,Thiago Alcántara,es ESP,MF,31.0,200000
3,Trent Alexander-Arnold,eng ENG,DF,23.0,180000
4,Roberto Firmino,br BRA,"FW,MF",30.0,180000
5,Fabinho,br BRA,MF,28.0,180000
6,Alisson,br BRA,GK,29.0,150000
7,Darwin Núñez,uy URU,FW,23.0,140000
8,Diogo Jota,pt POR,"FW,MF",25.0,140000
9,Jordan Henderson,eng ENG,MF,32.0,140000
10,Alex Oxlade-Chamberlain,eng ENG,MF,28.0,120000
11,Naby Keïta,gn GUI,CM,27.0,120000
12,Cody Gakpo,nl NED,"FW,MF",23.0,120000
13,Joël Matip,cm CMR,DF,30.0,100000
14,Andrew Robertson,sct SCO,DF,28.0,100000
15,Joe Gomez,eng ENG,DF,25.0,85000
16,Ibrahima Konaté,fr FRA,DF,23.0,70000
17,Nathaniel Phillips,eng ENG,CB,25.0,65000
18,James Milner,eng ENG,MF,36.0,60000
19,Adrián,es ESP,GK,35.0,60000
20,Luis Díaz,co COL,FW,25.0,55000
21,Kostas Tsimikas,gr GRE,DF,26.0,50000
22,Harvey Elliott,za RSA,RW,19.0,40000
23,Fabio Carvalho,pt POR,"MF,FW",19.0,40000
24,Calvin Ramsay,sct SCO,DF,19.0,15000
25,Curtis Jones,eng ENG,"FW,MF",21.0,15000
26,Caoimhín Kelleher,ie IRL,GK,23.0,10000
0,Lucas Digne,fr FRA,DF,29.0,160000
1,Boubacar Kamara,fr FRA,MF,22.0,150000
2,Philippe Coutinho,br BRA,"MF,FW",30.0,125000
3,Danny Ings,eng ENG,FW,30.0,120000
4,Emiliano Martínez,ar ARG,GK,29.0,120000
5,Diego Carlos,br BRA,DF,29.0,100000
6,Leon Bailey,jm JAM,"FW,MF",24.0,100000
7,Leander Dendoncker,be BEL,MF,27.0,90000
8,Tyrone Mings,eng ENG,DF,29.0,80000
9,Matty Cash,pl POL,DF,24.0,80000
10,Emi Buendía,ar ARG,"MF,FW",25.0,75000
11,Ollie Watkins,eng ENG,FW,26.0,75000
12,Douglas Luiz,br BRA,MF,24.0,75000
13,Jacob Ramsey,eng ENG,"MF,FW",21.0,70000
14,Jan Bednarek,pl POL,DF,26.0,60000
15,John McGinn,sct SCO,"MF,FW",27.0,55000
16,Ashley Young,eng ENG,DF,37.0,50000
17,Robin Olsen,se SWE,GK,32.0,50000
18,Calum Chambers,eng ENG,"DF,MF",27.0,50000
19,Keinan Davis,eng ENG,CF,24.0,45000
20,Morgan Sanson,fr FRA,MF,27.0,45000
21,Frederic Guilbert,fr FRA,RB,27.0,40000
22,Marvelous Nakamba,zw ZIM,DM,28.0,30000
23,Ezri Konsa,eng ENG,DF,24.0,30000
24,Jed Steer,eng ENG,GK,29.0,20000
25,Ludwig Augustinsson,se SWE,DF,28.0,20000
26,Cameron Archer,eng ENG,"FW,MF",21.0,20000
0,Harry Kane,eng ENG,FW,29.0,200000
1,Son Heung-min,kr KOR,"MF,FW",30.0,190000
2,Ivan Perišić,hr CRO,"DF,MF",33.0,180000
3,Cristian Romero,ar ARG,DF,24.0,165000
4,Clément Lenglet,fr FRA,DF,27.0,145000
5,Dejan Kulusevski,se SWE,"MF,DF",22.0,110000
6,Pierre Højbjerg,dk DEN,MF,26.0,100000
7,Hugo Lloris,fr FRA,GK,35.0,100000
8,Lucas Moura,br BRA,"FW,MF",29.0,90000
9,Richarlison,br BRA,"MF,FW",25.0,90000
10,Eric Dier,eng ENG,DF,28.0,85000
11,Ben Davies,wls WAL,DF,29.0,80000
12,Fraser Forster,eng ENG,GK,34.0,75000
13,Rodrigo Bentancur,uy URU,"MF,FW",25.0,75000
14,Davinson Sánchez,co COL,DF,26.0,65000
15,Matt Doherty,ie IRL,DF,30.0,65000
16,Ryan Sessegnon,eng ENG,"MF,DF",22.0,55000
17,Yves Bissouma,ml MLI,MF,25.0,55000
18,Oliver Skipp,eng ENG,MF,21.0,40000
19,Emerson,br BRA,"DF,MF",23.0,40000
20,Bryan,es ESP,MF,21.0,40000
21,Japhet Tanganga,eng ENG,DF,23.0,25000
22,Djed Spence,eng ENG,RB,21.0,25000
23,Brandon Austin,eng ENG,GK,23.0,5000
